t_min,balls,glass_hit,wire_hit,noise_sigma,nf
0.5,66,81.8,59.1,1.0,259
1.0,132,78.8,54.5,1.0,238
1.5,198,77.8,52.5,1.0,294
2.0,264,79.2,52.7,1.0,234
2.5,328,78.4,51.5,1.0,231
3.0,392,78.3,51.5,1.0,239
3.5,456,79.2,51.5,1.0,239
4.0,520,79.6,50.8,1.0,241
4.5,584,80.3,50.2,1.0,244
5.0,648,79.8,51.9,1.0,255
5.5,713,79.1,52.2,1.0,254
6.0,777,79.4,52.5,1.0,243
6.5,841,79.4,52.2,1.0,235
7.0,905,79.1,52.6,1.0,241
7.6,969,79.1,52.3,1.0,229
8.1,1033,78.9,52.3,1.0,230
8.6,1098,78.9,52.2,1.0,227
9.1,1162,78.1,52.3,1.0,249
9.6,1226,78.2,52.3,1.0,245
10.1,1290,77.6,51.6,1.0,229
10.6,1354,77.9,52.1,1.0,234
11.1,1418,77.9,52.1,1.0,256
11.6,1482,77.9,52.2,1.0,229
12.1,1546,78.0,51.7,1.0,261
12.6,1610,77.6,51.7,1.0,245
13.1,1674,77.9,51.7,1.0,241
13.6,1738,77.8,51.8,1.0,261
14.1,1802,77.7,51.9,1.0,239
14.6,1866,77.6,51.7,1.0,233
15.1,1930,77.6,51.8,1.0,227
15.6,1994,77.4,51.9,1.0,245
16.1,2058,77.4,51.9,1.0,249
16.6,2122,77.7,51.9,1.0,242
17.1,2186,77.5,52.2,1.0,239
17.6,2251,77.7,52.2,1.0,258
18.1,2315,77.4,52.1,1.0,233
18.6,2379,77.0,51.9,1.0,241
19.1,2443,77.2,51.5,1.0,249
19.6,2507,77.1,51.5,1.0,261
20.1,2571,77.1,51.5,1.0,231
20.6,2636,77.0,51.6,1.0,246
21.1,2700,77.2,51.3,1.0,239
21.6,2764,77.0,51.1,1.0,243
22.2,2828,77.0,51.1,1.0,262
22.7,2892,77.0,51.2,1.0,250
23.2,2956,77.0,51.3,1.0,248
23.7,3020,76.9,51.1,1.0,259
24.2,3084,77.0,51.2,1.0,213
24.7,3148,77.1,51.2,1.0,239
25.2,3213,77.0,51.3,1.0,236
25.7,3277,77.0,51.3,1.0,252
26.2,3341,77.0,51.3,1.0,230
26.7,3406,77.1,51.4,1.0,244
27.2,3470,77.0,51.4,1.0,243
27.7,3534,77.2,51.5,1.0,224
28.2,3598,77.2,51.4,1.0,249
28.7,3662,77.2,51.4,1.0,240
29.2,3726,77.0,51.7,1.0,233
29.7,3790,77.1,51.6,1.0,248
30.2,3854,77.1,51.6,1.0,242
30.7,3918,77.1,51.4,1.0,206
31.2,3982,77.1,51.5,1.0,231
31.7,4046,77.1,51.5,1.0,236
32.2,4110,77.1,51.6,1.0,231
32.7,4174,77.1,51.4,1.0,246
33.2,4238,77.2,51.3,1.0,229
33.7,4302,77.2,51.4,1.0,244
34.2,4366,77.2,51.4,1.0,228
34.7,4430,77.1,51.3,1.0,244
35.2,4494,77.1,51.4,1.0,236
35.7,4558,77.1,51.4,1.0,217
36.2,4622,77.1,51.5,1.0,254
36.7,4686,77.1,51.5,1.0,236
37.2,4750,77.2,51.5,1.0,251
37.7,4814,77.1,51.6,1.0,232
38.2,4878,77.1,51.5,1.0,249
38.7,4942,77.1,51.5,1.0,236
39.3,5006,77.0,51.6,1.0,222
39.8,5070,77.1,51.5,1.0,233
40.3,5134,77.2,51.5,1.0,236
40.8,5198,77.3,51.6,1.0,221
41.3,5262,77.2,51.6,1.0,234
41.8,5327,77.1,51.5,1.0,235
42.3,5391,77.1,51.6,1.0,238
42.8,5455,77.2,51.6,1.0,216
43.3,5519,77.3,51.5,1.0,241
43.8,5583,77.4,51.5,1.0,228
44.3,5647,77.4,51.5,1.0,235
44.8,5712,77.5,51.5,1.0,249
45.3,5776,77.4,51.5,1.0,239
45.8,5840,77.5,51.5,1.0,247
46.3,5904,77.4,51.5,1.0,253
46.8,5968,77.4,51.5,1.0,257
47.3,6032,77.4,51.5,1.0,245
47.8,6097,77.4,51.3,1.0,238
48.3,6161,77.3,51.3,1.0,238
48.8,6225,77.4,51.2,1.0,231
49.3,6289,77.4,51.2,1.0,237
49.8,6353,77.4,51.1,1.0,260
50.3,6417,77.3,51.1,1.0,248
50.8,6481,77.3,51.3,1.0,229
51.3,6545,77.2,51.2,1.0,243
51.8,6609,77.2,51.2,1.0,219
52.3,6673,77.2,51.2,1.0,236
52.9,6737,77.1,51.0,1.0,261
53.4,6801,77.2,51.0,1.0,235
53.9,6866,77.2,51.0,1.0,248
54.4,6930,77.2,50.9,1.0,235
54.9,6994,77.1,50.9,1.0,229
55.4,7058,77.1,50.9,1.0,244
55.9,7122,77.1,50.8,1.0,222
56.4,7186,77.2,50.8,1.0,239
56.9,7251,77.1,50.9,1.0,254
57.4,7315,77.1,50.9,1.0,257
57.9,7379,77.1,50.9,1.0,243
58.4,7443,77.1,50.9,1.0,230
58.9,7507,77.1,50.8,1.0,251
59.4,7571,77.1,50.9,1.0,245
59.9,7635,77.1,50.8,1.0,253
60.4,7699,77.1,50.8,1.0,231
60.9,7763,77.1,50.8,1.0,259
61.4,7827,77.1,50.8,1.0,242
61.9,7891,77.1,50.7,1.0,233
62.4,7955,77.1,50.7,1.0,230
62.9,8020,77.0,50.8,1.0,252
63.4,8084,77.0,50.7,1.0,229
63.9,8148,77.0,50.7,1.0,240
64.4,8212,76.9,50.8,1.0,243
64.9,8276,77.0,50.8,1.0,247
65.4,8340,77.0,50.9,1.0,246
65.9,8405,76.9,50.9,1.0,243
66.4,8469,76.9,50.9,1.0,248
66.9,8533,76.9,50.9,1.0,237
67.5,8597,76.9,50.9,1.0,252
68.0,8661,76.9,50.9,1.0,227
68.5,8725,76.9,50.9,1.0,247
69.0,8790,76.8,50.8,1.0,243
69.5,8854,76.8,50.8,1.0,254
70.0,8919,76.9,50.9,1.0,227
70.5,8983,76.9,50.9,1.0,234
71.0,9047,77.0,50.8,1.0,230
71.5,9111,77.0,50.9,1.0,231
72.0,9176,77.0,50.8,1.0,237
72.5,9240,77.0,50.8,1.0,230
73.0,9304,77.0,50.9,1.0,255
73.5,9368,77.0,50.8,1.0,260
74.0,9432,77.0,50.9,1.0,237
74.5,9496,77.0,50.9,1.0,258
75.0,9560,77.0,50.8,1.0,241
75.5,9624,77.1,50.8,1.0,237
76.0,9688,77.1,50.8,1.0,241
76.5,9752,77.0,50.8,1.0,244
77.0,9816,77.0,50.9,1.0,243
77.5,9880,77.0,50.9,1.0,246
78.0,9945,76.9,50.8,1.0,235
78.5,10009,77.0,50.8,1.0,248
79.1,10073,77.0,50.7,1.0,242
79.6,10137,77.0,50.7,1.0,244
80.1,10201,77.0,50.8,1.0,251
80.6,10265,77.0,50.7,1.0,246
81.1,10330,77.0,50.8,1.0,244
81.6,10394,77.0,50.8,1.0,232
82.1,10458,77.1,50.8,1.0,251
82.6,10522,77.1,50.8,1.0,250
83.1,10586,77.1,50.8,1.0,244
83.6,10650,77.1,50.9,1.0,243
84.1,10714,77.1,50.9,1.0,237
84.6,10778,77.1,50.9,1.0,258
85.1,10842,77.1,51.0,1.0,233
85.6,10906,77.0,50.9,1.0,250
86.1,10970,77.0,50.9,1.0,238
86.6,11034,77.0,50.9,1.0,222
87.1,11101,77.0,51.0,1.0,270
87.6,11165,77.0,51.0,1.0,247
88.1,11229,77.0,51.0,1.0,245
88.6,11293,77.0,51.0,1.0,271
89.1,11357,76.9,50.9,1.0,242
89.6,11421,76.9,50.9,1.0,231
90.1,11485,76.9,50.9,1.0,242
90.6,11549,76.9,50.9,1.0,260
91.1,11613,76.9,50.9,1.0,239
91.6,11677,77.0,50.9,1.0,238
92.1,11741,77.0,50.8,1.0,245
92.6,11805,77.0,50.8,1.0,237
93.1,11870,77.0,50.8,1.0,222
93.6,11934,77.0,50.7,1.0,234
94.2,11998,77.0,50.7,1.0,259
94.7,12062,76.9,50.7,1.0,232
95.2,12126,76.9,50.7,1.0,238
95.7,12190,77.0,50.8,1.0,240
96.2,12254,77.0,50.8,1.0,247
96.7,12318,77.0,50.8,1.0,233
97.2,12382,77.0,50.8,1.0,209
97.7,12446,77.0,50.8,1.0,237
98.2,12510,77.0,50.9,1.0,235
98.7,12574,77.0,50.9,1.0,222
99.2,12638,77.0,50.9,1.0,232
99.7,12702,77.1,50.9,1.0,247
100.2,12766,77.1,50.9,1.0,218
100.7,12830,77.0,50.8,1.0,233
101.2,12894,77.0,50.8,1.0,282
101.7,12958,76.9,50.8,1.0,240
102.2,13022,76.9,50.8,1.0,231
102.7,13086,77.0,50.8,1.0,237
103.2,13150,77.0,50.8,1.0,239
103.7,13214,76.9,50.8,1.0,228
104.2,13278,76.9,50.8,1.0,229
104.7,13342,77.0,50.9,1.0,253
105.2,13406,77.0,50.9,1.0,234
105.7,13470,76.9,50.8,1.0,255
106.2,13534,77.0,50.8,1.0,228
106.7,13598,77.0,50.8,1.0,251
107.2,13662,77.0,50.8,1.0,237
107.7,13726,77.0,50.8,1.0,231
108.2,13791,77.0,50.8,1.0,241
108.7,13855,77.0,50.8,1.0,242
109.2,13919,76.9,50.8,1.0,223
109.7,13983,77.0,50.8,1.0,233
110.3,14047,77.0,50.9,1.0,243
110.8,14111,76.9,50.9,1.0,224
111.3,14175,76.9,50.8,1.0,233
111.8,14239,77.0,50.8,1.0,229
112.3,14303,77.0,50.9,1.0,246
112.8,14367,76.9,50.8,1.0,229
113.3,14431,76.9,50.8,1.0,239
113.8,14495,76.9,50.8,1.0,243
114.3,14559,76.9,50.8,1.0,256
114.8,14623,76.9,50.7,1.0,243
115.3,14687,77.0,50.7,1.0,265
115.8,14751,76.9,50.7,1.0,218
116.3,14815,76.9,50.7,1.0,227
116.8,14879,76.9,50.6,1.0,231
117.3,14944,76.9,50.6,1.0,259
117.8,15008,77.0,50.6,1.0,246
118.3,15072,77.0,50.6,1.0,235
118.8,15136,77.0,50.6,1.0,234
119.3,15200,77.0,50.6,1.0,206
119.8,15264,77.0,50.6,1.0,233
